{
  "adf_p_real_gdp_index": 0.9989811428141783,
  "adf_p_real_gdp_index_sa": 0.9652574434912281
}