{
  "RF": {
    "cv": {
      "MAE": 0.9783819444444072,
      "RMSE": 1.3523481201938048,
      "MAPE": 0.9503022190098098
    },
    "test": {
      "MAE": 0.8022751028807326,
      "RMSE": 0.9813343471339006,
      "MAPE": 0.7980706495113544
    }
  },
  "XGB": {
    "cv": {
      "MAE": 0.8769727918836766,
      "RMSE": 1.2925731288573594,
      "MAPE": 0.8485870956468065
    },
    "test": {
      "MAE": 0.7078431306061945,
      "RMSE": 0.7855932488974405,
      "MAPE": 0.7018752584768649
    }
  }
}