{
  "RF": 0.3842666666666716,
  "XGB": 0.4473380533854126
}