{
  "RF": {
    "cv": {
      "MAE": 0.9495740740740665,
      "RMSE": 1.4377121166142466,
      "MAPE": 0.9209190013086305
    },
    "test": {
      "MAE": 0.9386833333333456,
      "RMSE": 1.1522841145115075,
      "MAPE": 0.9272410458724166
    }
  },
  "XGB": {
    "cv": {
      "MAE": 0.9724776656539347,
      "RMSE": 1.4573039680102085,
      "MAPE": 0.9420987448621316
    },
    "test": {
      "MAE": 0.7794300842285125,
      "RMSE": 0.9994829138874487,
      "MAPE": 0.7689098313289523
    }
  }
}