{
  "cv_mae": {
    "RF": 0.3440671296296962,
    "XGB": 0.3212960984971798
  },
  "test_mae": {
    "RF": 0.6375604166666449,
    "XGB": 0.5677263387044263
  }
}